{
  "project_info": {
    "project_number": "387678177871",
    "firebase_url": "https://makeupapp-353f3.firebaseio.com",
    "project_id": "makeupapp-353f3",
    "storage_bucket": "makeupapp-353f3.appspot.com"
  },
  "client": [
    {
      "client_info": {
        "mobilesdk_app_id": "1:387678177871:android:264a9bf94d4c2d9a",
        "android_client_info": {
          "package_name": "com.example.makeupapp"
        }
      },
      "oauth_client": [
        {
          "client_id": "387678177871-nhrmc5no8r25hmocs8trfs32mepesp6a.apps.googleusercontent.com",
          "client_type": 3
        }
      ],
      "api_key": [
        {
          "current_key": "AIzaSyC5sdRB_CbfeamJQaj92Aavrvg6oX1LK_0"
        }
      ],
      "services": {
        "analytics_service": {
          "status": 1
        },
        "appinvite_service": {
          "status": 1,
          "other_platform_oauth_client": []
        },
        "ads_service": {
          "status": 2
        }
      }
    }
  ],
  "configuration_version": "1"
}